{
	"format_version": "1.8.0",
	"animations": {
		"animation.robo_golem.smash": {
			"loop": true,
			"animation_length": 1.70833,
			"bones": {
				"body": {
					"rotation": {
						"0.0": [
							0,
							0,
							0
						],
						"0.2917": [
							24,
							0,
							0
						],
						"0.4167": [
							13,
							0,
							0
						],
						"0.5833": [
							15,
							0,
							0
						],
						"1.0": [
							21,
							0,
							0
						],
						"1.1667": [
							20.83583,
							-2.68107,
							7.00698
						],
						"1.375": [
							6.05812,
							1.08828,
							0.77176
						],
						"1.6667": [
							0,
							0,
							0
						]
					},
					"position": {
						"0.0": [
							0,
							0,
							0
						],
						"0.2917": [
							0,
							-1.5,
							0
						],
						"0.4167": [
							0,
							-3.7,
							1.5
						],
						"0.5833": [
							0,
							-6.8,
							1.5
						],
						"0.6667": [
							0,
							-11.2,
							1.5
						],
						"0.75": [
							0,
							-12.5,
							1.5
						],
						"0.9167": [
							0,
							-9.5,
							1.5
						],
						"1.0": [
							0,
							-6.6,
							-1
						],
						"1.375": [
							0,
							-1.3,
							-1
						],
						"1.6667": [
							0,
							0,
							0
						]
					},
					"scale": {
						"0.0": [
							1,
							1,
							1
						],
						"1.6667": [
							1,
							1,
							1
						]
					}
				},
				"head": {
					"rotation": {
						"0.0": [
							0,
							0,
							0
						],
						"0.0417": [
							12.5,
							0,
							0
						],
						"0.125": [
							20.5,
							0,
							0
						],
						"0.4167": [
							38.5,
							0,
							0
						],
						"0.5833": [
							48.5,
							0,
							0
						],
						"0.6667": [
							65,
							0,
							0
						],
						"0.875": [
							35,
							0,
							0
						],
						"0.9167": [
							20,
							0,
							0
						],
						"1.1667": [
							19.8423,
							-2.55868,
							7.05239
						],
						"1.375": [
							19.9993,
							-0.17101,
							0.46985
						],
						"1.6667": [
							0,
							0,
							0
						]
					},
					"position": {
						"0.0": [
							0,
							0,
							0
						],
						"0.4167": [
							0,
							-5.3,
							0
						],
						"0.5833": [
							0,
							-7.6,
							0
						],
						"0.6667": [
							0,
							-11.2,
							1.9
						],
						"0.75": [
							0,
							-12.9,
							2.3
						],
						"0.9167": [
							0,
							-9.9,
							2.3
						],
						"1.0": [
							0,
							-6.9,
							0.3
						],
						"1.375": [
							0,
							-1.5,
							0.3
						],
						"1.6667": [
							0,
							0,
							0
						]
					},
					"scale": {
						"0.0": [
							1,
							1,
							1
						],
						"1.6667": [
							1,
							1,
							1
						]
					}
				},
				"arm0": {
					"rotation": {
						"0.0": [
							0,
							0,
							0
						],
						"0.0833": [
							-92,
							0,
							0
						],
						"0.4583": [
							-97,
							0,
							0
						],
						"0.5833": [
							-58.61139,
							-8.56003,
							-5.18909
						],
						"0.6667": [
							-69.61139,
							-8.56003,
							-5.18909
						],
						"0.9167": [
							-57.11139,
							-8.56003,
							-5.18909
						],
						"1.0": [
							-44.61139,
							-8.56003,
							-5.18909
						],
						"1.1667": [
							-59.35233,
							-15.16125,
							5.66477
						],
						"1.375": [
							-56.17332,
							-1.66744,
							-15.6653
						],
						"1.6667": [
							0,
							0,
							0
						]
					},
					"position": {
						"0.0": [
							0,
							0,
							0
						],
						"0.4167": [
							0,
							-7.3,
							0
						],
						"0.5833": [
							0,
							-8.9,
							0
						],
						"0.6667": [
							0,
							-15.7,
							0
						],
						"0.75": [
							0,
							-16.1,
							0.6
						],
						"0.9167": [
							0,
							-12.1,
							0.6
						],
						"1.0": [
							0,
							-8.5,
							0.6
						],
						"1.375": [
							0,
							-0.5,
							0.6
						],
						"1.6667": [
							0,
							0,
							0
						]
					},
					"scale": {
						"0.0": [
							1,
							1,
							1
						],
						"1.6667": [
							1,
							1,
							1
						]
					}
				},
				"arm1": {
					"rotation": {
						"0.0": [
							0,
							0,
							0
						],
						"0.0833": [
							-93,
							0,
							0
						],
						"0.4583": [
							-96,
							0,
							0
						],
						"0.5833": [
							-57.90175,
							4.23873,
							2.65444
						],
						"0.6667": [
							-69.90175,
							4.23873,
							2.65444
						],
						"0.9167": [
							-54.90175,
							4.23873,
							2.65444
						],
						"1.0": [
							-47.40175,
							4.23873,
							2.65444
						],
						"1.1667": [
							-54.70839,
							-1.53467,
							10.82523
						],
						"1.375": [
							-56.07642,
							10.48427,
							-6.48073
						],
						"1.6667": [
							0,
							0,
							0
						]
					},
					"position": {
						"0.0": [
							0,
							0,
							0
						],
						"0.4167": [
							0,
							-8,
							0
						],
						"0.5833": [
							0,
							-10.2,
							0
						],
						"0.6667": [
							0.1,
							-15.4,
							1
						],
						"0.9167": [
							0.1,
							-12.4,
							1
						],
						"1.0": [
							0.1,
							-9.4,
							1
						],
						"1.1667": [
							-0.2,
							-8.3,
							1
						],
						"1.375": [
							0.5,
							-2.9,
							1
						],
						"1.6667": [
							0,
							0,
							0
						]
					},
					"scale": {
						"0.0": [
							1,
							1,
							1
						],
						"1.6667": [
							1,
							1,
							1
						]
					}
				},
				"leg0": {
					"rotation": {
						"0.0": [
							0,
							0,
							0
						],
						"0.2917": [
							12,
							0,
							0
						],
						"0.4167": [
							35,
							0,
							0
						],
						"0.5833": [
							60,
							0,
							0
						],
						"0.6667": [
							82,
							0,
							0
						],
						"0.75": [
							89.5,
							0,
							0
						],
						"0.9167": [
							69.5,
							0,
							0
						],
						"1.0": [
							55.48854,
							-1.8733,
							0.70066
						],
						"1.1667": [
							22.98854,
							-1.8733,
							0.70066
						],
						"1.375": [
							2.66036,
							-1.8733,
							0.70066
						],
						"1.4167": [
							9.39472,
							-1.8733,
							0.70066
						],
						"1.6667": [
							0,
							0,
							0
						]
					},
					"position": {
						"0.0": [
							0,
							0,
							0
						],
						"0.2917": [
							0,
							0.2,
							6.9
						],
						"0.4167": [
							0,
							-0.7,
							6.9
						],
						"0.5833": [
							0,
							-3.7,
							6.9
						],
						"0.6667": [
							0,
							-8,
							6.9
						],
						"0.75": [
							0,
							-10,
							6.9
						],
						"0.9167": [
							0,
							-6,
							6.9
						],
						"1.0": [
							0,
							-3.3,
							6
						],
						"1.1667": [
							0,
							-1.3,
							3
						],
						"1.375": [
							0,
							0.1,
							1.3
						],
						"1.6667": [
							0,
							0,
							0
						]
					},
					"scale": {
						"0.0": [
							1,
							1,
							1
						],
						"1.6667": [
							1,
							1,
							1
						]
					}
				},
				"leg1": {
					"rotation": {
						"0.0": [
							0,
							0,
							0
						],
						"0.2917": [
							13,
							0,
							0
						],
						"0.4167": [
							36,
							0,
							0
						],
						"0.5833": [
							59,
							0,
							0
						],
						"0.6667": [
							80,
							0,
							0
						],
						"0.75": [
							90,
							0,
							0
						],
						"0.9167": [
							69,
							0,
							0
						],
						"1.0": [
							55,
							0,
							0
						],
						"1.1667": [
							42.5,
							0,
							0
						],
						"1.25": [
							60.5,
							0,
							0
						],
						"1.2917": [
							51.5,
							0,
							0
						],
						"1.375": [
							6.5,
							0,
							0
						],