{
	"format_version": "1.8.0",
	"animations": {
		"animation.shopkeeper.baby_transform": {
			"loop": true,
			"bones": {
				"head": {
					"scale": 1.5
				}
			}
		},
		"animation.shopkeeper.general": {
			"loop": true,
			"bones": {
				"arms": {
					"position": [0, -1, -1],
					"rotation": ["-42.97-this", 0, 0]
				}
			}
		},
		"animation.shopkeeper.general.v1.0": {
			"loop": true,
			"bones": {
				"arms": {
					"position": [0, "-3-this", "-1-this"],
					"rotation": ["-42.97-this", 0, 0]
				}
			}
		},
		"animation.shopkeeper.get_in_bed": {
			"loop": true,
			"bones": {
				"body": {
					"position": [0, 1, -15],
					"rotation": [-90, 0, 0]
				}
			}
		},
		"animation.shopkeeper.move": {
			"anim_time_update": "query.modified_distance_moved",
			"loop": true,
			"bones": {
				"leg0": {
					"rotation": ["(math.cos(query.anim_time*38.17)*40)-this", "-this", 0]
				},
				"leg1": {
					"rotation": ["(math.cos(query.anim_time*38.17+180)*40)-this", "-this", 0]
				}
			}
		},
		"animation.shopkeeper.raise_arms": {
			"loop": true,
			"bones": {
				"arms": {
					"rotation": ["variable.raise_arms*-15", 0, 0]
				}
			}
		},
		"animation.shopkeeper.idle": {
			"loop": true,
			"animation_length": 3,
			"bones": {
				"bottom": {
					"rotation": {
						"0.0": [0, 0, 0],
						"0.0833": [106.24253, 95.90889, 217.37577],
						"0.1667": [141.86839, 136.39396, 295.99163],
						"0.25": [165.66126, 167.21947, 351.54884],
						"0.3333": [183.23174, 192.97052, 395.02626],
						"0.4167": [196.73984, 215.41964, 430.70336],
						"0.5": [207.31465, 235.4937, 460.74266],
						"0.5833": [215.61075, 253.72789, 486.44969],
						"0.6667": [222.05761, 270.46314, 508.7031],
						"0.75": [226.95671, 285.95517, 528.02706],
						"0.8333": [230.50622, 300.36215, 544.8854],
						"0.9167": [232.88225, 313.82261, 559.58551],
						"1.0": [234.19461, 326.43559, 572.36662],
						"1.0833": [234.54636, 338.2766, 583.41806],
						"1.1667": [233.99533, 349.39812, 592.8904],
						"1.25": [232.60837, 359.85332, 600.88828],
						"1.3333": [230.4295, 369.67889, 607.5136],
						"1.4167": [227.49141, 378.90237, 612.84952],
						"1.5": [223.81837, 387.53387, 616.95394],
						"1.5833": [219.42708, 395.59338, 619.84446],
						"1.6667": [214.3268, 403.08934, 621.57657],
						"1.75": [208.51688, 410.01933, 622.16601],
						"1.8333": [201.99654, 416.37079, 621.60958],
						"1.9167": [194.7545, 422.13804, 619.8937],
						"2.0": [186.77207, 427.29891, 617.00676],
						"2.0833": [178.02234, 431.8219, 612.90821],
						"2.1667": [168.46371, 435.66418, 607.53847],
						"2.25": [158.04149, 438.76885, 600.81464],
						"2.3333": [146.70217, 441.06083, 592.62281],
						"2.4167": [134.33721, 442.42333, 582.77353],
						"2.5": [120.84681, 442.71892, 571.06271],
						"2.5833": [106.06954, 441.71373, 557.12103],
						"2.6667": [89.78825, 439.06141, 540.39975],
						"2.75": [71.69861, 434.1929, 519.98501],
						"2.8333": [51.32363, 425.96604, 494.05984],
						"2.9167": [27.8873, 411.46013, 457.97068],
						"3.0": [0, 360, 363]
					},
					"position": {
						"0.0": [0, 0, 0],
						"3.0": [0, 0, 0]
					},
					"scale": {
						"0.0": [1, 1, 1],
						"1.5": [0.95, 0.95, 0.95],
						"3.0": [1, 1, 1]
					}
				},
				"top": {
					"rotation": {
						"0.0": [0, 0, 0],
						"3.0": [0, 0, 0]
					},
					"position": {
						"0.0": [0, 0, 0],
						"1.5": [0, 1, 0],
						"3.0": [0, 0, 0]
					},
					"scale": {
						"0.0": [1, 1, 1],
						"3.0": [1, 1, 1]
					}
				}
			}
		}
	}
}